<?xml version="1.0" encoding="UTF-8"?>
<!DOCTYPE struts PUBLIC
    "-//Apache Software Foundation//DTD Struts Configuration 2.3//EN"
    "http://struts.apache.org/dtds/struts-2.3.dtd">
<struts>
	<package name="struts" extends="struts-default">
	    
	    <!-- 登录处理action -->
	    <action name="loginAction" class="action.loginAction">
	        <result name="success">index.jsp?page=showcontent</result>
	        <result name="error">index.jsp?page=login</result>
	    </action>
	    
	    <!-- 注册处理action -->
     <action name="registerAction" class="action.addAction">
         
        <result name="success">index.jsp?page=login</result> 
        <result name="error">index.jsp?page=registert</result>
     </action>
     
     <!-- 展示处理action -->
     <action name="showAction" class="action.showAction">
         <result name="success">show.jsp</result>
         <result name="error">show.jsp</result>
     </action>
     
     <!-- 注销处理action -->
     <action name="deleteAction" class="action.deleteAction">
         <result>index.jsp?page=delete</result>
     </action>
     
     <!-- 修改密码处理action -->
     <action name="modifyAction" class="action.modifyAction">
         <result>index.jsp?page=modifysuccess</result>
     </action>
     <!-- 查询处理action -->
     <action name="queryAction" class="action.queryAction">
         <result name="success">index.jsp?page=showquery</result>
         <result name="error">index.jsp?page=showquery</result>
     </action>
     
	</package>
</struts>